Game ID,Player,Leader,Starting Position,Score,Ending Position
471,vintaya,Rhombur,1,66.1,2
471,cybervova,Hundro,3,9.4,3
471,Max,Baron,2,-9.6,4
471,zafy,Tessia,4,-65.9,1
470,BenitoMax,Ecaz,3,61.0,3
470,Mysterium,Beast,1,-12.9,4
470,cheesable,Ilesa,4,-24.2,1
470,Siroz26,Paul,2,-23.9,2
469,justinbyun,Hundro,3,29.8,4
469,nobody09,Paul,2,13.0,1
469,Franz,Rhombur,1,-18.1,2
469,goetz,Helena,4,-24.7,3
468,eliottjacques5,Rhombur,3,38.3,1
468,cybervova,Beast,4,0.5,2
468,Vigo,Yuna,1,-19.1,3
468,vin1987123,Leto,2,-19.7,4
467,zafy,Ecaz,1,54.2,2
467,Ideel,Baron,4,-3.1,3
467,crashtest776,Hundro,3,-23.7,4
467,Perihelion,Helena,2,-27.4,1
466,IFreeMan,Helena,1,43.0,3
466,Franz,Yuna,4,24.0,4
466,fweak,Ilban,3,-9.0,1
466,zafy,Beast,2,-58.0,2
465,nobody09,Hundro,2,48.1,4
465,Rosco,Ilban,4,-12.1,1
465,Martell,Paul,1,-49.2,2
464,Woerdistan,Helena,4,45.1,4
464,Vigo,Ilesa,1,17.0,1
464,BenitoMax,Tessia,2,2.5,2
464,Fenderico,Hundro,3,-64.6,3
463,Franz,Beast,1,51.9,1
463,IFreeMan,Hundro,3,-1.9,2
463,waata,Paul,2,1.3,3
463,Vigo,Ilban,4,-51.3,4
462,rybachello,Leto,3,51.9,2
462,goetz,Beast,4,16.1,3
462,BenitoMax,Hundro,1,-15.2,4
462,killer,Ilban,2,-52.9,1
461,darkdinner,Tessia,3,24.6,3
461,Franz,Ariana,4,20.4,4
461,Ponz47,Ilesa,2,-1.8,1
461,killer,Rhombur,1,-43.2,2
460,justinbyun,Beast,1,55.7,4
460,CrazyApple,Paul,2,18.8,1
460,mooshow,Ecaz,4,-6.9,2
460,davidli642,Ecaz,3,-67.6,3
459,TheDrunkWizard,Ariana,2,-14.1,1
459,Yooliss,Hundro,3,-29.8,2
458,Benten,Memnon,2,26.7,4
458,dragalar,Leto,1,28.0,1
458,Vasya,Ilban,4,-4.1,2
458,Vigo,Ecaz,3,-50.7,3
457,zafy,Ecaz,2,35.4,1
457,emocat,Leto,4,24.6,2
457,krompl,Ilban,3,-36.6,3
457,smoati9ap,Paul,1,-23.3,4
456,davidli642,Hundro,1,20.8,2
456,javea1,Baron,2,46.1,3
456,Vigo,Ecaz,3,-22.4,4
456,dragalar,Beast,4,-44.4,1
455,zafy,Ilban,4,44.3,3
455,krompl,Hundro,1,-2.7,4
455,justinbyun,Beast,2,-31.2,1
455,Haros,Leto,3,-10.4,2
454,rybas_h3,Beast,2,22.9,4
454,Vigo,Ilesa,1,7.5,1
454,javea1,Hundro,3,13.4,2
454,HEX,Ilban,4,-43.8,3
453,Sweetsale90,Ecaz,1,45.7,1
453,e_jasmins,Helena,4,-16.8,2
453,Zelbot,Leto,3,-73.9,3
452,davidli642,Baron,1,31.6,1
452,Ajokli,Tessia,2,17.5,2
452,Vigo,Helena,3,-8.0,3
452,friachi,Beast,4,-41.1,4
451,rybas_h3,Hundro,3,26.0,2
451,Wooklee,Rhombur,2,20.1,3
451,lilgreenghouls,Yuna,1,-15.4,4
451,bonda,Tessia,4,-30.6,1
450,Ideel,Ecaz,2,16.2,3
450,Franz,Yuna,1,-9.1,4
450,javea1,Beast,3,-24.7,1
448,Zelbot,Hundro,2,37.7,3
448,devzzzy,Ilban,4,-14.1,4
448,e_jasmins,Tessia,1,-9.2,1
448,Sweetsale90,Ecaz,3,-14.4,2
447,contiuspilate,Ariana,2,-4.8,4
447,Vigo,Beast,4,-17.4,1
447,Teller,Baron,3,-31.3,2
446,rybachello,Helena,3,75.9,4
446,Rosco,Leto,1,14.5,1
446,Franz,Ilban,2,-19.2,2
446,VIVAFRESHAS,Ariana,4,-71.2,3
445,krompl,Tessia,4,19.4,1
445,HEX,Ecaz,3,6.6,2
445,javea1,Leto,2,-4.7,3
445,Sweetsale90,Rhombur,1,-21.3,4
444,davidli642,Baron,2,30.5,2
444,Ideel,Paul,3,-11.0,3
444,leonpie,Beast,4,-19.3,4
443,contiuspilate,Leto,1,34.9,2
443,dragalar,Ariana,2,31.6,3
443,Vigo,Baron,3,-18.0,4
442,davidli642,Ecaz,4,33.9,2
442,Rosco,Beast,1,35.0,3
442,nobody09,Rhombur,2,-10.7,4
442,Zelbot,Ilban,3,-58.2,1
441,VIVAFRESHAS,Ariana,4,40.2,3
441,Vigo,Helena,1,4.9,4
441,HEX,Ilban,3,-12.9,1
441,lux,Rhombur,2,-32.2,2
440,contiuspilate,Ilban,4,30.0,4
440,Siroz26,Hundro,3,18.0,1
440,dragalar,Tessia,1,-53.4,2
439,ball,Tessia,3,47.8,4
439,april,Paul,1,15.8,1
439,Franz,Yuna,2,-20.2,2
439,vintaya,Beast,4,-43.4,3
438,Ideel,Beast,1,24.7,1
438,djgod79,Hundro,2,30.3,2
438,Vigo,Leto,3,-23.7,3
438,lux,Rhombur,4,-31.3,4
436,VIVAFRESHAS,Ecaz,3,45.5,2
436,Londonerd,Baron,1,-3.1,3
436,dragalar,Ilban,4,-26.6,4
436,Siroz26,Yuna,2,-15.9,1
435,vaggelakos13,Leto,3,54.5,3
435,lilgreenghouls,Ecaz,4,11.9,4
435,Lonk,Paul,1,-8.9,1
435,dragalar,Hundro,2,-57.5,2
434,Thuney,Yuna,3,32.4,4
434,lux,Leto,4,30.7,1
434,vintaya,Ecaz,1,-5.9,2
434,Martell,Rhombur,2,-57.3,3
433,emocat,Ecaz,1,53.9,1
433,Franz,Yuna,3,7.0,2
433,nobody09,Ilban,4,-34.3,3
433,Siroz26,Paul,2,-26.6,4
432,lilgreenghouls,Hundro,3,49.2,2
432,Lonk,Rhombur,2,23.5,3
432,rybas_h3,Tessia,4,-39.3,4
432,mrk_pczkln,Beast,1,-33.5,1
431,Vigo,Ilesa,3,29.1,3
431,Jackal,Yuna,1,23.5,4
431,maxcobain,Hundro,2,-53.0,1
430,Martell,Ariana,2,33.8,3
430,M1X,Ilban,1,6.5,4
430,Siroz26,Beast,4,8.2,1
430,emocat,Tessia,3,-48.5,2
429,lux,Rhombur,1,56.6,4
429,zafy,Paul,2,-4.8,1
429,djgod79,Yuna,3,-22.9,2
429,rybachello,Ariana,4,-28.9,3
428,friedpetable,Ariana,4,50.3,1
428,Ideel,Rhombur,3,-5.4,2
428,nobody09,Paul,2,-18.8,3
428,lobsterjohnson5013,Beast,1,-26.1,4
427,justinbyun,Beast,2,43.1,2
427,kwisatz99,Tessia,1,8.7,3
427,Sweetsale90,Helena,4,22.5,4
427,Vigo,Ariana,3,-74.3,1
426,Franz,Memnon,1,55.4,3
426,lux,Helena,2,39.7,4
426,Lonk,Yuna,3,-25.1,1
426,lilgreenghouls,Ariana,4,-70.0,2
425,fweak,Ecaz,2,50.2,4
425,davidli642,Hundro,3,-7.6,1
425,kraze,Paul,1,-13.8,2
424,Vigo,Ilesa,1,41.1,4
424,Ideel,Rhombur,2,-28.5,1
424,justinbyun,Hundro,3,-43.8,2
423,nobody09,Paul,3,34.2,4
423,Jackal,Ilban,4,11.7,1
423,rybachello,Yuna,1,8.9,2
422,kwisatz99,Beast,1,48.4,4
422,Apl_b,Hundro,2,26.9,1
422,davidli642,Baron,4,-38.1,2
422,SpiceNav,Helena,3,-37.2,3
421,kwisatz99,Ilban,4,60.4,1
421,davidli642,Baron,3,-2.8,2
421,waata,Helena,1,10.5,3
421,justinbyun,Ecaz,2,-68.0,4
420,davidli642,Hundro,2,22.3,2
420,Narballs,Tessia,1,16.9,3
420,javea1,Baron,3,6.6,4
420,ichaplin,Helena,4,-45.7,1
419,davidli642,Baron,4,36.0,3
419,dragalar,Ilban,1,2.9,4
419,SpiceNav,Beast,2,-4.8,1
418,dragalar,Tessia,1,37.4,3
418,Benten,Ilban,4,-9.3,4
418,lux,Leto,2,-22.6,1
417,krompl,Beast,4,40.2,3
417,lux,Paul,2,49.1,4
417,dragalar,Tessia,3,-29.1,1
417,zafy,Ecaz,1,-60.1,2
416,krompl,Ilban,3,55.5,4
416,dragalar,Baron,2,9.4,1
416,zafy,Leto,4,-28.1,2
415,krompl,Tessia,1,12.4,4
415,rybas_h3,Leto,4,-36.9,1
414,contiuspilate,Memnon,1,44.4,3
414,zafy,Ecaz,3,2.3,4
414,Lynx,Ilban,2,-2.2,1
412,devzzzy,Leto,2,27.4,3
412,Ajokli,Tessia,3,8.2,4
412,krompl,Ecaz,4,-13.3,1
412,javea1,Paul,1,-22.4,2
411,khisanthas,Baron,2,3.6,4
411,lobsterjohnson5013,Ecaz,4,-15.8,1
411,javea1,Helena,3,-45.1,2
410,lilgreenghouls,Ariana,4,24.2,4
410,Lonk,Paul,2,0.8,1
410,Haros,Ilban,3,-19.9,2
409,Vigo,Tessia,2,-14.4,4
409,lux,Helena,4,12.6,1
408,Benten,Ecaz,3,22.1,3
408,nobody09,Baron,2,11.5,4
408,Teller,Ilban,1,-13.3,1
408,lux,Helena,4,-20.3,2
407,rybas_h3,Helena,4,18.1,4
407,javea1,Leto,3,38.3,1
407,Franz,Ariana,1,-2.5,2
407,Wooklee,Rhombur,2,-53.9,3
406,dragalar,Tessia,1,47.1,1
406,Ajokli,Leto,2,13.3,2
406,M1X,Baron,4,-9.0,3
406,HueyLongNewton,Helena,3,-51.4,4
405,torbtheorb,Ilban,4,55.3,2
405,dragalar,Baron,3,18.2,3
405,nobody09,Ecaz,1,-52.0,4
404,rybas_h3,Helena,4,24.7,2
404,Wooklee,Rhombur,3,19.0,3
404,M1X,Baron,1,-10.4,4
404,Franz,Yuna,2,-33.4,1
403,Vigo,Tessia,2,-17.0,3
403,lux,Helena,4,10.2,4
403,AS1,Hundro,3,-48.1,1
402,nobody09,Helena,2,9.3,3
402,waata,Tessia,3,8.9,4
402,friachi,Yuna,4,-64.5,1
401,Ajokli,Hundro,3,59.1,3
401,Ideel,Ecaz,4,-7.7,4
401,maxcobain,Beast,1,-16.8,1
401,Litas,Baron,2,-34.6,2
400,rybas_h3,Leto,4,29.2,4
400,mooshow,Rhombur,1,15.3,1
400,hersheylim,Ilban,3,-12.7,2
399,rybas_h3,Helena,4,41.9,4
399,crashtest776,Hundro,2,8.1,1
399,hersheylim,Ilesa,1,-7.9,2
399,VIVAFRESHAS,Baron,3,-42.0,3
398,vaggelakos13,Rhombur,3,50.4,1
398,Zelbot,Hundro,2,-1.1,2
398,hersheylim,Ilban,4,-28.8,3
398,lux,Beast,1,-20.4,4
397,dromprinzen,Hundro,3,50.2,2
397,nobody09,Rhombur,1,0.8,3
397,Kaileng,Tessia,4,-14.5,4
396,Vigo,Ilesa,1,32.9,2
396,Zelbot,Beast,4,16.1,3
396,hersheylim,Hundro,3,-17.0,4
395,mooshow,Rhombur,4,59.8,2
395,davidli642,Hundro,2,9.5,3
395,Ajokli,Helena,3,-6.1,4
395,hersheylim,Ecaz,1,-63.2,1
394,e_jasmins,Hundro,1,54.1,3
394,M1X,Baron,4,-3.2,4
394,lannister2005,Ecaz,2,-26.0,1
393,darkdinner,Hundro,1,39.3,3
393,HueyLongNewton,Ecaz,4,10.2,4
393,dotdotdot,Ariana,3,-20.1,1
393,Ponz47,Yuna,2,-29.5,2
392,davidli642,Hundro,3,43.4,4
392,mooshow,Helena,2,25.7,1
392,hersheylim,Ilesa,4,-41.9,2
392,javea1,Leto,1,-27.2,3
391,darkdinner,Tessia,3,43.2,1
391,dotdotdot,Paul,2,9.9,2
391,Pooky,Rhombur,4,-13.6,3
391,Ponz47,Helena,1,-39.6,4
390,hersheylim,Paul,1,35.9,2
390,Ronin,Yuna,4,44.0,3
390,dragalar,Tessia,2,-9.4,4
390,Benten,Beast,3,-70.4,1
389,davidli642,Baron,3,45.0,3
389,Giegling,Hundro,2,20.9,4
389,javea1,Helena,4,0.1,1
389,Wooklee,Yuna,1,-66.0,2
388,hersheylim,Ilesa,4,46.3,4
388,Benten,Hundro,2,-5.0,1
388,TeaMoney,Yuna,3,-20.6,2
387,friachi,Leto,1,52.9,4
387,hersheylim,Paul,3,15.2,1
387,davidli642,Ecaz,4,-2.5,2
387,zafy,Baron,2,-65.6,3
386,Giegling,Tessia,4,63.4,1
386,Wooklee,Baron,3,-1.8,2
386,javea1,Paul,1,-0.3,3
386,krompl,Ilesa,2,-61.3,4
385,hersheylim,Ilesa,1,58.9,2
385,zafy,Tessia,4,-0.6,3
385,dragalar,Beast,3,-7.4,4
385,friachi,Hundro,2,-50.9,1
384,krompl,Hundro,1,32.2,3
384,DROGIRANOPILE,Tessia,3,17.3,4
384,Videll,Beast,4,-32.0,1
384,Sweetsale90,Helena,2,-17.6,2
383,javea1,Hundro,2,62.2,4
383,vintaya,Ecaz,1,16.1,1
383,zafy,Ilban,4,-54.8,2
383,Haros,Baron,3,-23.5,3
382,Wooklee,Hundro,2,46.3,1
382,asat0r,Baron,1,42.8,2
382,HueyLongNewton,Ecaz,4,-21.1,3
382,Thuney,Beast,3,-68.0,4
381,Videll,Baron,4,42.4,2
381,justinbyun,Hundro,1,-16.4,3
381,markt6353,Ecaz,3,-7.6,4
381,Sweetsale90,Helena,2,-18.5,1
380,Giegling,Helena,1,62.8,3
380,vintaya,Hundro,2,18.0,4
380,krompl,Ilban,4,-41.1,1
380,javea1,Beast,3,-39.7,2
379,djgod79,Leto,4,63.2,4
379,asat0r,Ecaz,1,39.5,1
379,Thuney,Beast,2,-48.0,2
379,Narballs,Baron,3,-54.7,3
378,Ajokli,Paul,1,47.0,1
378,e_jasmins,Tessia,2,36.6,2
378,khisanthas,Helena,4,-28.5,3
378,killer,Hundro,3,-55.1,4
377,Mysterium,Ilban,3,43.0,2
377,Videll,Leto,2,30.0,3
377,justinbyun,Hundro,4,-44.0,4
377,markt6353,Helena,1,-29.0,1
376,Vigo,Ilesa,2,24.8,3
376,Wooklee,Ecaz,4,8.2,4
376,vintaya,Helena,3,-2.2,1
376,waata,Paul,1,-30.8,2
375,rybas_h3,Helena,3,20.7,4
375,TheDrunkWizard,Baron,1,18.7,1
375,asat0r,Hundro,2,-0.9,2
375,Yooliss,Memnon,4,-38.6,3
374,Ajokli,Leto,2,53.5,1
374,tester,Helena,3,5.8,2
374,tomski,Paul,1,-22.0,3
374,Giegling,Baron,4,-37.3,4
373,Intruz,Hundro,2,47.9,2
373,devzzzy,Ilban,1,-10.1,3
373,Woerdistan,Ecaz,4,-14.9,4
373,Macdog,Rhombur,3,-22.9,1
372,friachi,Ilesa,1,26.3,3
372,Intruz,Paul,3,10.7,4
372,e_jasmins,Beast,4,5.2,1
371,menerke,Yuna,2,52.9,3
371,killer,Ariana,1,20.2,4
371,Wooklee,Baron,3,-30.0,1
371,lobsterjohnson5013,Hundro,4,-43.1,2
370,krompl,Rhombur,1,-2.8,4
370,Giegling,Ecaz,3,-37.8,1
369,friachi,Yuna,1,34.6,3
369,franc,Ariana,3,32.1,4
369,e_jasmins,Ecaz,4,-29.3,1
368,Ideel,Rhombur,3,21.5,3
368,Intruz,Ariana,1,-12.8,4
368,wolfex,Hundro,4,-22.9,1
367,Ajokli,Ariana,2,15.6,3
367,Sweetsale90,Baron,3,5.5,4
367,Siroz26,Rhombur,4,-39.2,1
366,lilgreenghouls,Yuna,2,48.4,3
366,friachi,Ilban,1,16.5,4
366,Lonk,Ecaz,3,-17.0,1
366,Woerdistan,Helena,4,-48.0,2
364,Bananadogg,Hundro,2,74.1,4
364,zafy,Ecaz,4,-18.3,1
364,dinosmaroulis,Rhombur,1,-25.7,2
364,e_jasmins,Baron,3,-30.0,3
363,vintaya,Leto,2,-16.1,1
363,wolfex,Helena,3,-42.4,2
362,justinbyun,Ariana,1,18.5,4
362,Bananadogg,Paul,3,47.1,1
362,krompl,Hundro,2,-32.0,2
362,franc,Ecaz,4,-33.6,3
361,zafy,Ecaz,2,20.6,1
361,nobody09,Baron,3,20.4,2
361,IFreeMan,Leto,4,-23.9,3
361,Siroz26,Beast,1,-17.1,4
360,zafy,Hundro,2,17.8,2
360,Zelbot,Rhombur,1,7.5,3
360,Kaileng,Tessia,3,-8.7,4
360,Bananadogg,Ecaz,4,-16.6,1
359,IFreeMan,Tessia,3,43.3,3
359,rybas_h3,Leto,4,7.5,4
359,nobody09,Ariana,2,-17.8,1
359,Rosco,Rhombur,1,-33.0,2
358,zafy,Baron,2,29.3,4
358,Franz,Ilban,1,42.1,1
358,Zelbot,Helena,4,-16.8,2
358,maxcobain,Ecaz,3,-54.7,3
357,waata,Tessia,2,62.5,1
357,dinosmaroulis,Ilesa,3,-10.2,2
357,rybachello,Yuna,1,-32.1,3
356,Woerdistan,Helena,2,33.4,1
356,Mysterium,Ariana,4,9.1,2
356,Rosenbak,Hundro,3,-3.1,3
356,asat0r,Baron,1,-39.4,4
355,asat0r,Baron,4,67.3,2
355,Woerdistan,Helena,1,2.3,3
355,Rosenbak,Hundro,3,-4.2,4
355,Mysterium,Ariana,2,-65.4,1
354,Freek,Helena,4,38.5,3
354,Jeremias,Baron,2,35.3,4
354,Narballs,Tessia,1,-13.6,1
354,IFreeMan,Hundro,3,-60.2,2
353,crashtest776,Hundro,1,42.6,4
353,Vigo,Ecaz,2,1.1,1
353,Franz,Yuna,4,-30.2,2
352,Zelbot,Helena,3,45.3,4
352,Fenderico,Ilesa,2,14.1,1
352,IFreeMan,Tessia,4,-38.7,2
352,waata,Leto,1,-20.7,3
351,crashtest776,Paul,2,33.0,1
351,tester,Ilban,4,13.7,2
351,asat0r,Hundro,3,1.9,3
350,HueyLongNewton,Ecaz,3,32.3,1
350,waata,Beast,1,38.5,2
350,Redzurrected,Hundro,4,-19.4,3
349,dinosmaroulis,Yuna,1,28.8,1
349,busyazaya,Hundro,4,-55.0,2
348,hersheylim,Ilban,1,52.1,4
348,dragalar,Tessia,2,10.2,1
348,Ronin,Ariana,4,-35.1,2
347,Benten,Baron,1,21.1,4
347,hersheylim,Hundro,2,-7.9,1
347,Ronin,Helena,3,-36.3,2
346,Wooklee,Ecaz,4,22.7,4
346,Yooliss,Yuna,2,24.7,1
346,javea1,Leto,3,-15.4,2
346,vin1987123,Paul,1,-31.9,3
345,Iscreaman,Paul,3,32.7,1
345,zafy,Ecaz,2,-10.8,2
345,javea1,Leto,4,5.4,3
345,BenitoMax,Tessia,1,-27.4,4
344,Mysterium,Ilban,4,31.3,2
344,darkdinner,Ariana,3,4.6,3
344,BenitoMax,Rhombur,1,-6.5,4
344,waata,Paul,2,-29.4,1
343,friachi,Ariana,4,51.5,3
343,zafy,Tessia,2,-18.1,4
343,bigwelle,Leto,3,-2.7,1
343,Yooliss,Baron,1,-30.7,2
342,contiuspilate,Helena,4,59.0,4
342,darkdinner,Ilban,2,30.0,1
342,Londonerd,Hundro,1,-28.2,2
341,Lonk,Ecaz,3,46.4,4
341,IFreeMan,Hundro,1,-10.8,1
341,lilgreenghouls,Ariana,2,-13.0,2
341,rybachello,Leto,4,-22.6,3
340,zafy,Paul,1,15.9,1
340,Yooliss,Hundro,3,39.7,2
340,vaggelakos13,Rhombur,2,-17.0,3
340,djgod79,Ilban,4,-38.5,4
339,Thuney,Tessia,2,16.5,2
339,IASC,Yuna,1,12.6,3
339,Duquedeto,Ilban,3,-35.8,4
338,devzzzy,Hundro,2,23.1,2
338,BenitoMax,Tessia,3,35.7,3
338,darkdinner,Paul,1,-20.8,4
338,e_jasmins,Yuna,4,-38.0,1
337,IFreeMan,Beast,1,-2.0,3
337,contiuspilate,Rhombur,3,-5.1,4
337,killer,Ilban,2,-36.4,1
336,Vigo,Ariana,1,33.6,3
336,eliottjacques5,Rhombur,3,23.6,4
336,vaggelakos13,Ilesa,2,-12.6,1
336,friachi,Beast,4,-44.6,2
334,Vigo,Hundro,2,50.7,4
334,Ideel,Beast,4,-4.4,1
334,vaggelakos13,Rhombur,3,-5.8,2
334,lilgreenghouls,Paul,1,-40.6,3
333,justinbyun,Ecaz,2,-13.2,1
333,Lfchezz,Paul,1,-7.1,2
333,vintaya,Leto,3,-39.5,3
332,dinosmaroulis,Beast,1,52.6,1
332,zafy,Hundro,2,-13.1,2
332,M1X,Ilban,3,-16.9,3
332,rybachello,Ecaz,4,-22.7,4
331,Ideel,Paul,1,26.3,2
331,friachi,Hundro,3,-14.1,3
331,BenitoMax,Rhombur,4,-24.4,4
330,Martell,Ariana,2,24.6,2
330,darkdinner,Paul,1,-11.3,3
330,Vigo,Rhombur,4,-60.1,4
329,justinbyun,Hundro,2,19.5,2
329,vaggelakos13,Leto,1,17.7,3
329,Franz,Yuna,3,-9.9,4
329,Siroz26,Helena,4,-27.2,1
328,Woerdistan,Hundro,1,43.9,3
328,dinosmaroulis,Helena,2,17.6,4
328,Zelbot,Baron,3,-29.9,1
328,rybachello,Yuna,4,-31.7,2
327,BenitoMax,Hundro,1,32.0,4
327,icemask22,Ecaz,4,-17.6,1
327,franc,Yuna,2,-49.5,2
326,zafy,Hundro,3,13.2,4
326,busyazaya,Beast,2,13.9,1
326,Bananadogg,Ariana,1,9.3,2
326,waata,Paul,4,-36.4,3
325,bigwelle,Ariana,1,62.1,1
325,rybachello,Beast,4,23.8,2
325,Fenderico,Yuna,2,-41.7,3
325,BenitoMax,Baron,3,-44.2,4
324,zafy,Ecaz,4,12.3,2
324,waata,Beast,2,29.4,3
324,BenitoMax,Rhombur,3,-12.4,4
324,Bananadogg,Ariana,1,-29.3,1
323,zafy,Yuna,2,22.1,3
323,MortimerSmith,Helena,1,-5.9,4
323,magethegathererrus,Tessia,4,-49.3,1
322,justinbyun,Ecaz,2,40.0,3
322,IFreeMan,Tessia,3,3.2,4
322,crashtest776,Beast,4,-8.2,1
322,vaggelakos13,Rhombur,1,-35.0,2
321,Benten,Beast,3,15.0,4
321,Yooliss,Memnon,4,-33.9,1
320,zach_shalak,Hundro,3,58.5,3
320,justinbyun,Yuna,2,-5.5,4
320,hersheylim,Helena,1,-11.2,1
320,lavishruin,Ariana,4,-41.7,2
319,Yooliss,Beast,2,36.5,4
319,HEX,Baron,3,-27.5,1
319,Phrancoua,Helena,4,-45.9,2
318,Benten,Memnon,2,29.5,4
318,Wooklee,Helena,4,20.0,1
318,hersheylim,Hundro,3,-8.0,2
317,Iscreaman,Paul,3,54.0,4
317,krompl,Beast,2,17.6,1
317,zafy,Leto,1,-33.9,2
317,hersheylim,Helena,4,-37.6,3
316,Iscreaman,Memnon,2,65.1,1
316,zafy,Ilban,4,-2.0,2
316,krompl,Hundro,3,-17.5,3
316,hersheylim,Rhombur,1,-45.6,4
315,zafy,Rhombur,1,26.9,2
315,krompl,Tessia,3,7.4,3
315,Videll,Beast,4,-1.1,4
315,markt6353,Baron,2,-33.1,1
314,contiuspilate,Memnon,1,13.5,3
314,Giegling,Beast,2,-4.0,4
313,IFreeMan,Tessia,4,38.2,2
313,Londonerd,Leto,3,7.1,3
313,krompl,Beast,2,-24.6,4
313,Ajokli,Helena,1,-20.7,1
312,Ideel,Hundro,2,-12.9,3
312,Deus,Ecaz,3,-11.7,4
312,leonpie,Leto,4,-26.9,1
311,cybervova,Ilban,1,50.1,3
311,contiuspilate,Beast,4,20.2,4
310,friachi,Rhombur,3,57.2,2
310,Zelbot,Helena,4,-31.8,3
310,bonda,Tessia,1,-42.2,4
309,IASC,Ecaz,1,66.9,2
309,devzzzy,Baron,3,1.8,3
309,IFreeMan,Leto,4,-36.3,4
309,e_jasmins,Yuna,2,-32.4,1
308,Vigo,Ilesa,3,36.6,3
308,Rosco,Paul,1,31.2,4
308,vaggelakos13,Leto,4,-61.6,1
307,Ideel,Ilban,1,17.8,3
307,Niclafurlni,Rhombur,4,32.1,4
307,Bananadogg,Paul,3,-30.0,1
306,IFreeMan,Tessia,4,1.6,3
306,Zelbot,Helena,3,-22.4,4
306,friachi,Yuna,2,-31.3,1
305,IASC,Ariana,1,14.5,3
305,wolfex,Baron,4,-17.1,4
305,vin1987123,Ecaz,3,-34.4,1
304,TeaMoney,Paul,1,36.3,3
304,vaggelakos13,Ilesa,2,4.6,4
304,e_jasmins,Helena,3,-5.2,1
304,Giegling,Tessia,4,-35.8,2
303,Lonk,Yuna,3,48.1,4
303,Bear,Rhombur,2,16.1,1
303,lilgreenghouls,Hundro,1,-32.1,2
303,Bananadogg,Ilban,4,-32.1,3
302,justinbyun,Ecaz,3,21.9,1
302,IASC,Rhombur,2,29.5,2
302,Giegling,Helena,1,-15.7,3
302,asat0r,Leto,4,-35.7,4
301,krompl,Leto,1,37.8,2
301,vaggelakos13,Rhombur,4,8.5,3
301,friachi,Helena,3,-10.4,4
301,Fandaniel,Baron,2,-35.9,1
300,nobody09,Beast,4,39.7,3
300,leonpie,Yuna,1,36.7,4
300,bigwelle,Paul,2,-35.3,1
299,zafy,Ilban,3,21.4,3
299,Martell,Rhombur,4,18.2,4
299,Bananadogg,Beast,2,4.0,1
298,justinbyun,Ariana,1,37.3,3
298,friachi,Ilesa,4,26.3,4
298,killer,Leto,3,-13.5,1
298,Intruz,Ilban,2,-50.1,2
297,zafy,Yuna,2,22.7,4
297,wolfex,Leto,4,32.2,1
297,Martell,Ariana,3,-19.2,2
297,Bananadogg,Rhombur,1,-35.7,3
296,justinbyun,Ecaz,4,37.7,1
296,killer,Helena,3,14.8,2
296,mrk_pczkln,Memnon,1,-10.4,3
296,trubson,Baron,2,-42.1,4
295,zafy,Beast,3,44.4,2
295,IFreeMan,Tessia,4,-0.9,3
295,Vigo,Helena,1,-20.4,4
295,asat0r,Baron,2,-23.0,1
294,nobody09,Paul,3,44.0,3
294,BenitoMax,Ilban,4,-14.6,4
294,Kayros,Baron,1,-54.1,1
293,Martell,Rhombur,4,47.5,3
293,Ajokli,Paul,1,28.5,4
293,emocat,Beast,2,-18.1,1
293,bartosz546,Ilban,3,-57.9,2
292,IFreeMan,Tessia,1,24.2,4
292,killer,Beast,4,19.1,1
292,Rosco,Baron,2,-41.2,2
291,BenitoMax,Ilban,4,61.9,4
291,IFreeMan,Hundro,1,-15.3,1
290,Ponz47,Ilesa,1,56.5,3
290,darkdinner,Ariana,3,2.4,4
290,yeah3x,Hundro,2,-20.5,1
290,waata,Paul,4,-38.3,2
289,BenitoMax,Hundro,2,30.6,4
288,SpiceNav,Beast,4,63.1,2
288,javea1,Hundro,2,3.4,3
288,dragalar,Leto,1,-64.4,4
287,krompl,Hundro,2,41.0,2
287,lavishruin,Memnon,4,24.2,3
287,HueyLongNewton,Ilban,3,-25.4,4
287,Strm88,Rhombur,1,-39.8,1
286,Wooklee,Tessia,1,16.9,3
286,zafy,Yuna,2,-34.2,4
286,vin1987123,Baron,4,-21.9,1
285,HEX,Hundro,2,51.5,3
285,zafy,Beast,3,-8.3,4
285,javea1,Helena,1,2.2,1
285,djgod79,Baron,4,-45.4,2
284,krompl,Hundro,1,39.7,4
284,dotdotdot,Helena,3,5.3,1
284,Macdog,Ilban,4,6.6,2
284,DROGIRANOPILE,Baron,2,-51.5,3
283,zafy,Ecaz,1,35.3,1
283,AarBehr,Leto,3,27.3,2
283,krompl,Beast,4,-15.5,3
283,friachi,Yuna,2,-47.1,4
282,vaggelakos13,Rhombur,3,41.8,2
282,darkdinner,Ecaz,4,-62.1,3
281,IFreeMan,Tessia,1,14.1,1
281,e_jasmins,Yuna,4,8.9,2
281,Sweetsale90,Leto,2,8.0,3
280,Londonerd,Ilban,4,37.3,1
280,cybervova,Helena,1,29.3,2
280,vaggelakos13,Rhombur,3,-19.6,3
280,eliottjacques5,Ariana,2,-46.9,4
279,HueyLongNewton,Hundro,2,25.9,2
279,Ajokli,Ariana,3,25.3,3
279,BenitoMax,Yuna,1,-42.3,4
278,Zelbot,Hundro,3,38.3,2
278,Intruz,Ecaz,1,16.1,3
278,IASC,Beast,4,8.6,4
278,justinbyun,Yuna,2,-63.0,1
277,killer,Baron,1,6.8,3
277,Ajokli,Ilban,2,-42.2,4
276,Thuney,Tessia,2,34.8,2
276,VIVAFRESHAS,Ariana,3,25.6,3
276,Ideel,Beast,4,-34.5,4
276,asat0r,Yuna,1,-25.9,1
275,IFreeMan,Tessia,3,37.8,3
275,khisanthas,Helena,4,26.1,4
274,darkdinner,Ariana,2,36.8,2
274,Meynar,Helena,1,24.5,3
274,bartosz546,Baron,3,-24.7,4
273,DAPA,Ariana,2,48.4,2
273,lilgreenghouls,Helena,1,4.1,3
273,vonbotis,Hundro,3,-11.9,4
273,TheDrunkWizard,Rhombur,4,-40.6,1
272,justinbyun,Ecaz,3,-15.1,3
272,IASC,Paul,1,-10.2,4
272,Haros,Yuna,2,-26.2,1
271,vintaya,Ilban,1,42.4,3
271,e_jasmins,Baron,2,7.8,4
271,Sweetsale90,Leto,4,10.2,1
271,Chrisbee,Helena,3,-60.3,2
270,asat0r,Hundro,2,47.8,4
270,Ajokli,Ariana,3,19.5,1
270,vin1987123,Baron,4,-10.4,2
270,Unleazer,Tessia,1,-56.9,3
269,khisanthas,Ilban,3,50.0,1
269,bonda,Tessia,1,14.3,2
269,tester,Ariana,4,-23.9,3
269,BenitoMax,Ilesa,2,-40.4,4
268,itsthisguyagain,Helena,3,35.6,2
268,Bananadogg,Paul,1,17.1,3
268,leonpie,Baron,4,-3.1,4
268,Niclafurlni,Rhombur,2,-49.6,1
267,Zelbot,Helena,2,25.4,3
267,nobody09,Tessia,3,-25.9,4
267,lux,Beast,1,-36.0,1
266,Zelbot,Helena,4,28.3,3
266,nobody09,Leto,2,5.7,4
266,rybachello,Beast,1,-11.4,1
266,Sweetsale90,Ecaz,3,-22.6,2
265,Ideel,Hundro,3,31.4,4
265,rybas_h3,Leto,4,14.5,1
265,darkdinner,Ariana,2,-14.9,2
265,Toibus,Ecaz,1,-31.0,3
264,rybas_h3,Leto,2,43.0,1
264,Ideel,Hundro,3,-46.6,2
263,vaggelakos13,Yuna,2,42.5,4
263,M1X,Ilban,3,8.0,1
263,Bananadogg,Hundro,1,0.0,2
263,Unleazer,Paul,4,-50.6,3
262,IFreeMan,Paul,1,48.9,1
262,friachi,Yuna,4,28.4,2
262,Benten,Hundro,3,-37.7,3
262,killer,Beast,2,-39.6,4
261,justinbyun,Helena,1,27.2,2
261,Martell,Leto,2,26.5,3
261,icemask22,Beast,3,-12.7,4
260,emocat,Hundro,2,22.4,2
260,Martell,Rhombur,4,-8.8,3
260,rybachello,Beast,1,-39.3,4
259,Benten,Ilban,3,23.2,2
259,killer,Leto,2,19.3,3
259,Bananadogg,Beast,4,6.1,4
259,nobody09,Yuna,1,-48.7,1
258,maxcobain,Tessia,4,24.5,3
258,BenitoMax,Baron,2,26.9,4
258,Rosco,Rhombur,1,-21.9,1
257,tester,Ariana,2,45.9,3
257,killer,Beast,3,7.1,4
257,khisanthas,Ecaz,4,-20.2,1
257,leonpie,Rhombur,1,-32.8,2
256,zafy,Ecaz,3,58.0,4
256,Ideel,Beast,1,-3.1,1
256,IFreeMan,Leto,4,-11.5,2
256,rybas_h3,Ariana,2,-43.4,3
255,justinbyun,Beast,1,32.1,1
255,Chimamamanda,Ilesa,2,21.1,2
255,asat0r,Baron,3,-1.1,3
255,tester,Ecaz,4,-52.1,4
254,darkdinner,Tessia,3,42.5,2
254,dragalar,Ilban,4,-4.1,3
254,Ponz47,Ecaz,2,-0.6,4
254,waata,Paul,1,-37.7,1
253,dragalar,Tessia,3,39.2,3
253,HueyLongNewton,Leto,1,14.3,4
253,Ponz47,Ecaz,2,5.1,1
253,darkdinner,Ariana,4,-58.6,2
252,javea1,Leto,1,38.0,4
252,Iscreaman,Beast,2,-25.8,1
252,BenitoMax,Helena,4,-43.2,2
251,BenitoMax,Baron,1,61.0,4
251,krompl,Hundro,2,5.8,1
251,Iscreaman,Helena,3,-33.6,2
251,javea1,Leto,4,-33.2,3
250,Wooklee,Rhombur,3,42.7,1
250,Macdog,Hundro,1,40.3,2
250,zafy,Ecaz,4,-39.4,3
250,lux,Helena,2,-43.6,4
249,eliottjacques5,Baron,3,47.1,2
249,BenitoMax,Helena,4,37.5,3
249,zafy,Ecaz,1,-39.9,4
249,lux,Hundro,2,-44.7,1
248,Zelbot,Ilban,3,48.7,3
248,zafy,Baron,2,-7.3,4
248,lux,Helena,4,-12.6,1
248,BenitoMax,Yuna,1,-28.8,2
247,Thuney,Baron,4,39.6,4
247,TeaMoney,Ecaz,3,11.8,1
247,asat0r,Hundro,2,-26.5,2
246,Wooklee,Baron,4,49.6,4
246,lux,Leto,2,10.8,1
246,eliottjacques5,Ilesa,3,-30.5,2
245,zafy,Yuna,2,22.4,4
245,BenitoMax,Helena,3,32.3,1
245,Zelbot,Ilban,1,-27.2,2
245,Macdog,Ecaz,4,-27.5,3
244,Ideel,Baron,4,36.0,1
244,Thuney,Hundro,1,8.1,2
244,vintaya,Ecaz,3,-6.2,3
244,rybachello,Helena,2,-37.9,4
243,Woerdistan,Hundro,1,43.0,2
243,vaggelakos13,Rhombur,3,8.2,3
243,asat0r,Helena,4,-15.1,4
241,0nTheBounce,Yuna,1,43.7,2
241,BenitoMax,Tessia,2,38.3,3
241,Zelbot,Helena,3,-34.3,4
241,IASC,Paul,4,-47.7,1
240,nobody09,Rhombur,4,42.0,3
240,lux,Leto,2,17.1,4
240,Vieczny71,Beast,3,-18.9,1
240,vin1987123,Baron,1,-40.1,2
239,Thuney,Hundro,1,33.4,4
239,vintaya,Baron,4,34.7,1
239,Zelbot,Ilban,2,-29.7,2
239,Niclafurlni,Beast,3,-38.4,3
238,leonpie,Baron,2,61.1,1
238,IASC,Beast,3,4.6,2
238,Ajokli,Yuna,1,-21.1,3
238,BenitoMax,Helena,4,-44.6,4
237,bartosz546,Yuna,1,57.1,2
237,Zelbot,Ilban,3,-30.7,3
237,vintaya,Paul,4,-29.9,4
236,vaggelakos13,Rhombur,3,43.9,2
236,BenitoMax,Hundro,2,33.6,3
236,lux,Leto,1,-24.9,4
234,rybas_h3,Hundro,1,34.0,2
234,vin1987123,Baron,4,30.7,3
234,IASC,Ecaz,3,-14.1,4
234,Wooklee,Yuna,2,-50.5,1
233,zafy,Yuna,2,34.1,3
233,Ideel,Ecaz,4,-14.3,4
233,Bananadogg,Tessia,1,-1.5,1
233,Sweetsale90,Baron,3,-18.3,2
232,martintins,Baron,1,46.7,4
232,lux,Leto,2,27.8,1
232,nobody09,Paul,4,-24.9,2
232,vintaya,Ilban,3,-49.5,3
231,lilgreenghouls,Ecaz,4,33.4,1
231,rybachello,Ilban,2,-24.0,2
231,BenitoMax,Hundro,1,-25.9,3
230,vintaya,Rhombur,3,40.1,1
230,Bananadogg,Hundro,2,19.0,2
230,BenitoMax,Paul,1,-2.5,3
230,Siroz26,Beast,4,-56.7,4
229,bartosz546,Beast,1,55.1,2
229,e_jasmins,Yuna,2,22.6,3
229,VIVAFRESHAS,Baron,3,-33.6,4
229,veritas3394,Leto,4,-44.0,1
228,dotdotdot,Ecaz,3,58.4,3
228,nobody09,Helena,4,-16.0,4
228,mrk_pczkln,Yuna,2,-46.2,1
227,Benten,Tessia,4,24.0,3
227,franc,Rhombur,2,29.0,4
227,Bananadogg,Beast,3,-30.7,1
226,IFreeMan,Hundro,2,33.9,3
226,bartosz546,Yuna,1,27.3,4
226,M1X,Baron,4,-33.2,1
226,BenitoMax,Ecaz,3,-28.0,2
225,leonpie,Baron,1,72.4,4
225,vin1987123,Tessia,2,19.4,1
225,smoati9ap,Rhombur,3,-50.8,2
224,Fenderico,Baron,1,38.5,4
224,rybachello,Beast,2,19.8,1
224,IFreeMan,Hundro,3,-30.8,2
224,BenitoMax,Helena,4,-27.4,3
223,Rosco,Paul,1,42.2,1
223,bartosz546,Yuna,2,24.9,2
223,smoati9ap,Ariana,3,-15.3,3
223,HereticD,Beast,4,-51.9,4
222,Benten,Beast,1,-8.6,2
222,tomski8857,Ariana,2,-15.0,3
222,BenitoMax,Baron,4,-28.8,4
221,Zelbot,Helena,4,35.5,2
221,Narballs,Baron,1,11.0,3
221,waata,Paul,2,-41.1,4
220,IFreeMan,Tessia,1,45.6,2
220,Zelbot,Beast,2,5.8,3
220,waata,Helena,3,-9.2,4
220,asat0r,Ariana,4,-42.2,1
219,hersheylim,Rhombur,4,54.5,3
219,Benten,Ariana,1,1.5,4
219,dragalar,Hundro,2,-56.4,1
218,Benten,Baron,1,31.6,3
218,hersheylim,Ilesa,4,-20.5,4
218,emocat,Yuna,2,-38.5,1
217,zafy,Ilban,1,42.9,3
217,davidli642,Hundro,2,18.4,4
217,hersheylim,Beast,4,-30.3,1
217,javea1,Baron,3,-31.0,2
216,TeaMoney,Beast,4,56.0,4
216,zafy,Tessia,2,25.8,1
216,Benten,Hundro,3,-32.5,2
216,krompl,Ilesa,1,-49.3,3
215,Wooklee,Rhombur,2,70.4,1
215,hersheylim,Ilban,1,-29.6,2
215,davidli642,Hundro,3,-48.4,3
214,dragalar,Ilban,3,29.9,1
214,vin1987123,Tessia,1,42.7,2
214,zafy,Baron,2,-24.6,3
214,veritas3394,Helena,4,-48.0,4
213,hersheylim,Baron,2,33.5,2
213,krompl,Beast,1,4.3,3
213,javea1,Leto,3,-0.2,4
213,Duquedeto,Helena,4,-37.6,1
212,davidli642,Ilban,2,15.9,3
212,zafy,Hundro,1,-60.4,4
211,hersheylim,Hundro,2,32.5,2
211,DjPonyboots,Helena,3,-23.3,3
211,Haros,Ilban,1,-23.9,4
210,davidli642,Baron,1,50.0,2
210,zafy,Hundro,2,-3.2,3
210,BenitoMax,Ilban,4,-38.3,4
209,dragalar,Leto,1,35.3,2
209,BooKKeeper,Beast,4,20.3,3
209,krompl,Ilban,3,-36.1,4
209,Sweetsale90,Helena,2,-19.5,1
208,DjPonyboots,Beast,1,50.8,3
208,IFreeMan,Tessia,2,6.5,4
208,javea1,Yuna,3,-6.6,1
208,BenitoMax,Helena,4,-50.6,2
207,eliottjacques5,Rhombur,1,48.7,4
207,krompl,Ilban,3,-6.9,1
206,Ajokli,Baron,2,20.7,3
206,Macdog,Beast,1,-1.0,4
206,bartosz546,Ilban,4,-49.5,1
205,Thuney,Beast,3,32.9,3
205,Sweetsale90,Helena,2,47.7,4
205,IFreeMan,Ilban,4,-30.8,1
205,e_jasmins,Hundro,1,-49.7,2
204,Mysterium,Ecaz,2,34.7,4
204,vintaya,Ilban,4,22.5,1
204,javea1,Leto,3,-52.6,2
203,lilgreenghouls,Beast,1,47.6,4
203,krompl,Tessia,3,-7.8,1
203,Duquedeto,Ilban,4,-12.6,2
203,Macdog,Rhombur,2,-27.2,3
202,IFreeMan,Leto,1,38.5,1
202,Thuney,Beast,3,-0.0,2
202,e_jasmins,Helena,4,-22.2,3
202,leonpie,Ecaz,2,-16.3,4
201,Jegor,Hundro,2,27.2,2
201,vintaya,Beast,1,24.5,3
201,derhackerkai,Ariana,3,-11.2,4
201,Macdog,Baron,4,-40.6,1
200,dragalar,Ilban,3,44.2,3
200,Chimamamanda,Ecaz,4,-11.6,4
200,Phrancoua,Helena,1,-47.6,1
199,5890,Beast,2,55.0,3
199,nobody09,Paul,3,4.7,4
199,bartosz546,Hundro,4,-10.0,1
198,Jegor,Leto,1,32.5,3
198,Macdog,Ilban,3,28.6,4
198,vintaya,Hundro,2,-8.8,1
198,derhackerkai,Ecaz,4,-52.3,2
197,rybachello,Yuna,1,58.3,4
197,Rosco,Helena,4,-54.9,1
196,Londonerd,Ilban,4,30.6,3
196,Sweetsale90,Leto,2,51.7,4
196,Siroz26,Helena,3,-53.0,1
195,mrk_pczkln,Yuna,2,48.2,3
195,Deus,Rhombur,1,20.8,4
195,lilgreenghouls,Ecaz,3,-21.1,1
195,5890,Baron,4,-47.8,2
194,e_jasmins,Baron,2,50.3,4
194,Mysterium,Tessia,1,5.8,1
194,rybachello,Helena,3,-8.7,2
194,Wooklee,Beast,4,-47.4,3
193,nobody09,Ariana,4,32.2,1
193,Matias,Tessia,2,4.2,2
193,Ajokli,Hundro,1,-16.5,3
193,Sweetsale90,Leto,3,-19.9,4
192,Mysterium,Ariana,3,43.6,2
192,emocat,Hundro,1,11.9,3
192,Bananadogg,Helena,4,-9.5,4
192,osongbio,Leto,2,-46.0,1
191,friedpetable,Ariana,1,60.4,3
191,Ideel,Beast,4,-11.1,4
191,Matias,Helena,3,-3.6,1
191,BenitoMax,Tessia,2,-45.7,2
190,Rosco,Hundro,3,12.3,4
190,vintaya,Ilban,2,-2.5,1
190,e_jasmins,Helena,1,-52.9,2
189,crashtest776,Baron,4,32.7,4
189,leonpie,Leto,1,-20.8,1
188,waata,Beast,2,18.7,3
188,osongbio,Ariana,3,-10.8,4
188,BenitoMax,Baron,4,-69.0,1
187,waata,Paul,1,62.6,3
187,CrazyApple,Hundro,2,-5.2,4
187,Ponz47,Ariana,3,-0.8,1
187,davidli642,Leto,4,-56.6,2
186,justinbyun,Ecaz,3,40.0,4
186,dragalar,Beast,4,15.0,1
186,Murd0cK,Leto,2,-11.5,2
186,MrBurn,Ilesa,1,-43.5,3
185,darkdinner,Ilban,3,48.0,1
185,CrazyApple,Rhombur,2,2.0,2
185,davidli642,Helena,1,-20.4,3
185,Ponz47,Ariana,4,-29.7,4
184,davidli642,Baron,3,47.0,2
184,darkdinner,Ecaz,4,13.4,3
184,Ponz47,Leto,2,-2.4,4
184,dragalar,Hundro,1,-58.0,1
183,Benten,Tessia,1,31.3,3
183,davidli642,Baron,4,25.3,4
183,darkdinner,Ilban,3,-15.6,1
183,Wooklee,Rhombur,2,-41.0,2
182,krompl,Tessia,1,40.5,4
182,dragalar,Ilban,4,14.6,1
182,Benten,Hundro,2,-37.2,2
182,vin1987123,Baron,3,-17.9,3
181,Narballs,Tessia,1,43.0,1
181,osongbio,Ariana,2,23.9,2
181,davidli642,Baron,3,-23.3,3
181,waata,Paul,4,-43.5,4
180,krompl,Ilban,4,35.9,2
180,Pooky,Ariana,1,16.9,3
180,Wooklee,Rhombur,2,-23.7,4
180,vin1987123,Leto,3,-29.1,1
179,HEX,Ilban,1,48.8,3
179,darkdinner,Ariana,3,-2.7,4
179,Macdog,Beast,2,-5.5,1
178,Duquedeto,Ilban,1,53.7,3
178,davidli642,Helena,2,3.8,4
178,waata,Paul,3,-21.2,1
177,Thuney,Hundro,1,50.5,3
177,krompl,Tessia,3,13.8,4
177,rybas_h3,Helena,2,-25.0,1
177,rayst9,Ilban,4,-39.3,2
176,Londonerd,Ilban,4,36.3,4
176,Macdog,Rhombur,1,37.7,1
176,dragalar,Hundro,2,-35.4,2
175,davidli642,Baron,4,32.4,4
175,Sweetsale90,Tessia,1,46.5,1
174,dragalar,Tessia,4,34.0,3
174,Macdog,Baron,2,43.1,4
174,justinbyun,Beast,3,-34.5,1
173,rybachello,Ecaz,2,20.0,3
173,friachi,Ilesa,3,-35.2,4
173,leonpie,Leto,4,-26.6,1
172,IFreeMan,Tessia,1,50.1,3
172,Thuney,Beast,2,13.2,4
172,waata,Paul,3,-16.4,1
172,liz,Helena,4,-46.9,2
171,hersheylim,Rhombur,2,32.4,4
171,lilgreenghouls,Ecaz,4,4.7,1
171,TheWalkingDunks,Beast,3,-23.4,2
171,Sweetsale90,Helena,1,-13.8,3
170,Rosco,Ariana,4,45.3,1
170,IFreeMan,Ilban,3,12.2,2
170,waata,Tessia,2,-29.4,3
170,Macdog,Rhombur,1,-28.1,4
169,Zelbot,Leto,3,25.6,2
169,friachi,Beast,4,-5.4,3
169,leonpie,Rhombur,1,-0.2,4
169,Sweetsale90,Ariana,2,-19.9,1
168,Jegor,Baron,1,51.6,3
168,Iscreaman,Beast,3,2.3,4
168,derhackerkai,Ecaz,2,-12.4,1
168,smoati9ap,Paul,4,-41.6,2
167,davidli642,Hundro,4,59.8,4
167,dragalar,Beast,3,4.5,1
167,Duquedeto,Helena,1,-42.3,2
166,justinbyun,Hundro,2,40.9,4
166,DAPA,Paul,3,20.1,1
166,medeltiden,Ecaz,1,-6.9,2
166,darksoul474,Helena,4,-54.1,3
165,nobody09,Ilban,1,44.2,1
165,Macdog,Ilesa,2,40.7,2
165,firemansammac,Paul,3,-21.5,3
165,IFreeMan,Tessia,4,-63.5,4
164,dragalar,Baron,2,44.3,2
164,Duquedeto,Hundro,4,-12.4,3
164,davidli642,Ariana,1,-43.9,4
163,Ideel,Baron,4,17.8,2
163,justinbyun,Hundro,3,10.8,3
163,Macdog,Ecaz,2,16.6,4
163,Diogo,Yuna,1,-45.3,1
162,TeaMoney,Ilban,1,51.6,3
162,Iscreaman,Paul,3,2.7,4
162,nobody09,Ariana,2,-10.0,1
162,Novamonster,Beast,4,-44.4,2
161,smoati9ap,Rhombur,4,63.2,4
161,justinbyun,Yuna,1,-28.5,1
161,vintaya,Beast,3,-40.5,2
160,Benten,Hundro,2,25.1,4
160,friachi,Yuna,3,11.3,1
160,goetz,Helena,1,6.4,2
159,Narballs,Hundro,2,51.0,4
159,asat0r,Helena,1,13.9,1
159,Thuney,Baron,3,-26.8,2
159,vin1987123,Beast,4,-38.1,3
158,devzzzy,Ilban,2,25.5,1
158,nobody09,Ecaz,4,23.7,2
158,BooKKeeper,Helena,1,-14.7,3
158,goetz,Leto,3,-34.5,4
157,Ideel,Ariana,3,19.9,2
157,emocat,Ilban,2,25.2,3
157,Martell,Paul,1,-7.0,4
156,Zelbot,Yuna,1,43.0,2
156,e_jasmins,Baron,4,-24.3,3
156,rybachello,Helena,3,-41.1,4
155,CrazyApple,Leto,1,51.1,2
155,Ideel,Baron,2,-1.5,3
155,waata,Beast,4,-43.5,4
154,M1X,Baron,2,38.6,2
154,dinosmaroulis,Helena,1,16.3,3
154,goetz,Beast,4,-3.6,4
153,dragalar,Ilban,4,61.1,2
153,Iscreaman,Paul,1,8.1,3
153,Ponz47,Ariana,2,-1.8,4
153,CrazyApple,Ecaz,3,-67.5,1
152,waata,Tessia,1,47.5,3
152,Phrancoua,Helena,2,21.7,4
152,darkdinner,Ilban,3,-26.9,1
152,Ponz47,Ecaz,4,-42.3,2
151,dragalar,Beast,4,15.5,4
151,Siroz26,Baron,3,-34.1,1
151,Macdog,Hundro,2,-25.8,2
150,Benten,Baron,1,20.4,4
150,emocat,Yuna,2,19.5,1
150,dragalar,Tessia,3,-14.0,2
150,Macdog,Ecaz,4,-26.0,3
149,YouIsMe,Beast,4,51.6,1
149,Benten,Rhombur,1,-6.7,2
149,2gonza2,Baron,3,-12.4,3
148,Wooklee,Rhombur,1,42.1,1
148,krompl,Ilban,4,0.4,2
148,Macdog,Ilesa,2,7.3,3
148,vin1987123,Ecaz,3,-49.8,4
147,krompl,Ilban,2,17.0,2
147,waata,Paul,3,-15.4,3
147,IFreeMan,Tessia,4,-57.2,4
146,asat0r,Ariana,2,50.8,2
146,Thuney,Hundro,1,1.7,3
146,Jeremias,Ilesa,3,-22.2,4
146,Macdog,Leto,4,-30.3,1
145,friachi,Hundro,1,30.5,3
145,Ajokli,Tessia,3,17.7,4
145,dragalar,Beast,2,-27.6,1
145,Sweetsale90,Leto,4,-20.6,2
144,e_jasmins,Yuna,1,58.6,4
144,IFreeMan,Hundro,3,8.7,1
144,rybas_h3,Baron,2,-28.9,2
143,Intruz,Beast,1,44.6,4
143,krompl,Hundro,3,9.4,1
143,lilgreenghouls,Ecaz,4,-24.7,2
143,Macdog,Ilban,2,-29.3,3
142,Thuney,Tessia,2,55.6,1
142,CrazyApple,Ariana,3,-5.6,2
142,Kurumi,Hundro,1,-10.0,3
142,asat0r,Ilban,4,-40.1,4
141,Londonerd,Beast,1,43.8,2
141,rybachello,Hundro,3,25.4,3
141,Rosco,Yuna,2,-15.5,4
140,IFreeMan,Hundro,3,33.7,2
140,flashfred,Baron,4,12.2,3
140,Ophiuchus,Ilban,2,-19.8,4
140,leonpie,Leto,1,-26.2,1
139,smoati9ap,Ecaz,3,66.4,3
139,franc,Yuna,1,20.4,4
139,Niclafurlni,Beast,4,-22.7,1
139,Thuney,Beast,2,-64.1,2
138,Ideel,Hundro,1,20.9,4
138,e_jasmins,Baron,2,27.6,1
138,krompl,Ilban,4,-19.5,2
138,Macdog,Rhombur,3,-29.1,3
137,IFreeMan,Leto,4,41.9,1
137,djgod79,Yuna,2,-24.1,2
137,leonpie,Beast,3,-29.5,3
136,friachi,Ecaz,1,14.9,1
136,rybachello,Helena,4,-5.4,2
135,tomski8857,Beast,2,34.0,4
135,Macdog,Baron,3,18.6,1
135,nobody09,Rhombur,4,-28.6,2
135,Sweetsale90,Leto,1,-24.0,3
134,bartol,Beast,2,40.5,1
134,e_jasmins,Baron,4,17.9,2
134,Ajokli,Ariana,3,-48.0,3
133,Ideel,Hundro,1,24.7,1
133,goetz,Beast,2,33.9,2
133,Ugotfranked,Ilban,4,-34.4,3
132,Ideel,Hundro,3,29.5,1
132,goetz,Beast,2,40.1,2
132,Ugotfranked,Ilban,4,-40.9,3
131,Siroz26,Helena,3,52.9,1
131,e_jasmins,Baron,2,35.5,2
131,Fenderico,Leto,4,-28.9,3
131,Zelbot,Ecaz,1,-59.4,4
130,zafy,Ecaz,4,31.3,2
130,Bananadogg,Paul,1,32.3,3
130,Rosco,Ilban,2,-17.1,4
130,rybachello,Helena,3,-46.5,1
129,Zelbot,Beast,2,39.3,3
129,dragalar,Tessia,1,23.0,4
129,friachi,Helena,3,-21.0,1
128,zafy,Tessia,1,43.7,3
128,Zelbot,Helena,2,14.4,4
128,Jahmin333,Hundro,3,-18.8,1
128,Popoulous,Baron,4,-39.3,2
127,dromprinzen,Leto,2,-13.4,4
127,lannister2005,Rhombur,3,-51.9,1
126,friachi,Ilesa,3,47.7,3
126,IFreeMan,Tessia,1,11.8,4
126,nobody09,Yuna,2,-21.2,1
126,goetz,Helena,4,-38.3,2
125,crashtest776,Yuna,1,47.9,4
125,Martell,Leto,2,27.3,1
125,zafy,Ilban,4,-29.1,2
125,emocat,Tessia,3,-46.1,3
124,VIVAFRESHAS,Ecaz,1,41.3,1
124,nobody09,Ariana,3,19.7,2
124,rybachello,Baron,4,-15.4,3
124,TrixinG,Helena,2,-45.6,4
123,Narballs,Baron,4,64.0,2
123,zafy,Yuna,1,1.4,3
123,asat0r,Hundro,2,-17.3,4
123,osongbio,Leto,3,-48.1,1
122,CrazyApple,Ilesa,1,28.2,3
122,Intruz,Tessia,3,19.2,4
122,davidli642,Hundro,2,-12.0,1
121,magethegathererrus,Tessia,1,52.4,3
121,rybachello,Leto,4,22.9,4
121,killer,Baron,3,-20.1,1
121,Rosco,Ariana,2,-55.2,2
120,VIVAFRESHAS,Baron,1,58.5,4
120,Ideel,Beast,2,-2.4,1
120,nobody09,Hundro,3,-7.1,2
120,IFreeMan,Ilban,4,-49.1,3
119,CrazyApple,Hundro,1,34.0,1
119,magethegathererrus,Beast,3,19.8,2
119,rybachello,Ariana,2,-11.9,3
118,darkdinner,Ariana,2,38.2,1
118,dragalar,Beast,1,26.5,2
118,friachi,Helena,4,-16.6,3
118,MagdaKee,Hundro,3,-48.2,4
117,Narballs,Hundro,2,-6.1,2
117,Yooliss,Ecaz,4,-35.9,3
116,krompl,Tessia,4,35.5,1
116,Wooklee,Ilban,1,7.0,2
116,Sweetsale90,Leto,2,13.3,3
116,franc,Yuna,3,-55.8,4
115,Macdog,Ilban,3,72.4,2
115,zafy,Hundro,2,-1.4,3
115,Narballs,Beast,1,-44.2,4
114,contiuspilate,Rhombur,2,13.8,2
114,Grunfeld,Leto,1,-18.7,3
114,Yooliss,Hundro,3,-40.0,4
113,Sweetsale90,Leto,2,76.1,2
113,krompl,Tessia,4,-9.9,3
113,Macdog,Helena,3,-12.3,4
113,Haros,Memnon,1,-53.8,1
112,zafy,Ilban,4,3.7,3
112,bigwelle,Leto,3,-35.9,4
111,BenitoMax,Ilban,2,23.8,2
111,krompl,Yuna,1,7.4,3
111,cybervova,Rhombur,4,-19.8,4
111,Sweetsale90,Helena,3,-11.4,1
110,friachi,Beast,3,61.2,3
110,Jahmin333,Paul,1,-26.2,4
110,bigwelle,Ilesa,4,-42.4,1
109,zafy,Yuna,1,45.3,3
109,Rosco,Rhombur,2,9.9,4
107,Ideel,Beast,4,40.2,2
107,torbtheorb,Hundro,1,28.2,3
107,Zelbot,Rhombur,3,-51.2,4
106,lilgreenghouls,Ecaz,2,49.0,2
106,Londonerd,Baron,4,17.0,3
106,killer,Paul,1,-28.4,4
105,justinbyun,Beast,4,42.6,2
105,cybervova,Helena,3,17.2,3
105,e_jasmins,Baron,2,0.4,4
105,krompl,Yuna,1,-60.2,1
103,tester,Memnon,1,54.0,3
103,IFreeMan,Beast,4,11.3,4
103,SebCbi1,Ariana,2,-12.5,1
102,Dinosaur11,Rhombur,2,41.3,3
102,krompl,Baron,3,5.2,4
102,SUPPORTAI,Hundro,1,-22.0,1
102,Macdog,Ecaz,4,-24.5,2
101,Freek,Rhombur,2,33.4,4
101,Rosco,Beast,1,13.8,1
101,bartosz546,Hundro,3,-4.2,2
100,Freek,Baron,1,30.7,4
100,Jahmin333,Beast,3,-0.2,1
100,Sweetsale90,Ecaz,2,21.3,2
100,friachi,Ilban,4,-51.8,3
99,M1X,Baron,1,47.9,1
99,Zelbot,Hundro,2,1.3,2
99,rybachello,Beast,3,-17.9,3
99,leonpie,Helena,4,-31.3,4
98,rybas_h3,Helena,4,43.6,2
98,maxcobain,Beast,3,4.0,3
98,IFreeMan,Ilban,2,-16.5,4
98,goetz,Leto,1,-31.1,1
97,Rosco,Ariana,4,28.4,3
97,smoati9ap,Helena,3,25.4,4
97,Meynar,Leto,2,-33.8,1
97,Sweetsale90,Beast,1,-20.0,2
96,asat0r,Yuna,2,51.6,4
96,zafy,Tessia,4,6.3,1
96,leonpie,Ariana,1,-5.2,2
96,Martell,Leto,3,-52.6,3
95,Skyee,Beast,2,51.3,1
95,zafy,Tessia,1,17.2,2
95,Freek,Baron,3,-32.5,3
95,leonpie,Rhombur,4,-36.0,4
94,BenitoMax,Leto,3,47.3,2
94,Freek,Ariana,1,3.2,3
94,VIVAFRESHAS,Tessia,4,-9.2,4
94,Ajokli,Beast,2,-41.2,1
93,Ideel,Baron,4,35.8,3
93,franc,Ariana,1,23.8,4
93,tester,Ecaz,2,-13.7,1
93,asat0r,Ilban,3,-45.9,2
92,hersheylim,Rhombur,2,50.6,4
92,torbtheorb,Ilban,4,21.7,1
92,friachi,Paul,1,-14.6,2
92,zafy,Ecaz,3,-57.8,3
91,Rye,Tessia,4,47.3,1
91,vin1987123,Leto,2,-16.7,2
91,Stonified,Hundro,1,-48.7,3
90,zafy,Ecaz,1,50.7,1
90,Morovio,Rhombur,3,22.1,2
90,BenitoMax,Tessia,2,-21.4,3
90,hersheylim,Ilban,4,-51.4,4
89,zafy,Hundro,2,62.0,2
89,hersheylim,Baron,3,15.9,3
89,BenitoMax,Yuna,1,-25.5,4
89,friachi,Leto,4,-52.4,1
88,waata,Ecaz,1,35.3,3
88,krompl,Ilban,2,-6.2,4
88,Haros,Rhombur,3,-12.5,1
88,Sweetsale90,Baron,4,-16.6,2
87,hersheylim,Helena,1,51.9,4
87,DROGIRANOPILE,Ilban,2,17.0,1
87,MortimerSmith,Ariana,3,-15.0,2
86,asat0r,Hundro,1,63.1,4
86,Zelbot,Helena,2,5.9,1
86,zafy,Ecaz,3,-4.9,2
86,Thuney,Beast,4,-64.1,3
85,justinbyun,Rhombur,2,35.9,1
85,friachi,Baron,3,3.2,2
85,Rosco,Ariana,1,-25.6,3
85,Sweetsale90,Beast,4,-13.5,4
84,krompl,Hundro,1,42.5,2
84,Yooliss,Ecaz,4,-5.7,3
83,Zelbot,Beast,3,41.6,1
83,Lifestealer,Baron,2,14.3,2
83,zafy,Tessia,1,-48.6,3
82,Thuney,Hundro,1,31.3,1
82,lux,Beast,3,32.6,2
82,franc,Ilban,4,-53.6,3
81,rybachello,Helena,2,4.8,1
81,Deus,Tessia,3,-25.3,2
81,Sweetsale90,Baron,4,-18.3,3
80,rybas_h3,Baron,2,43.6,1
80,killer,Paul,1,6.5,2
80,firemansammac,Ariana,4,-13.2,3
80,wolfex,Ilban,3,-36.9,4
79,devzzzy,Ilban,4,38.3,2
79,djgod79,Helena,1,14.3,3
79,e_jasmins,Leto,2,0.6,4
79,IASC,Baron,3,-53.3,1
78,Litas,Tessia,2,17.5,3
78,krompl,Ecaz,4,-25.3,4
78,Yooliss,Hundro,1,-45.0,1
77,Ideel,Beast,3,49.0,3
77,franc,Baron,4,22.7,4
77,Thuney,Tessia,2,-30.4,1
76,M1X,Rhombur,4,52.0,3
76,leonpie,Ecaz,2,25.1,4
76,goetz,Ilban,3,-16.4,1
76,Duquedeto,Paul,1,-60.7,2
75,BenitoMax,Tessia,1,50.8,4
75,Freek,Rhombur,4,7.1,1
75,justinbyun,Beast,2,-19.4,2
75,bartosz546,Baron,3,-38.4,3
74,SUPPORTAI,Hundro,1,38.6,1
74,leonpie,Ariana,4,25.2,2
74,lux,Ilban,2,-7.1,3
74,MagnusCat,Yuna,3,-56.7,4
73,krompl,Baron,3,-29.8,2
73,Yooliss,Hundro,2,-54.2,3
72,rybas_h3,Beast,4,39.7,1
72,krompl,Hundro,2,-7.4,2
72,e_jasmins,Leto,1,-11.7,3
72,Sweetsale90,Baron,3,-20.6,4
71,Freek,Ariana,3,35.2,2
71,Popoulous,Ecaz,4,-16.9,3
70,Unleazer,Baron,2,45.3,1
70,e_jasmins,Helena,1,-9.4,2
70,asat0r,Beast,4,-51.6,3
69,maxcobain,Ecaz,4,28.7,1
69,lux,Leto,3,35.9,2
69,goetz,Baron,2,-18.3,3
68,maxcobain,Beast,1,49.5,1
68,devzzzy,Ilban,4,18.5,2
68,IFreeMan,Baron,2,-20.8,3
68,Woerdistan,Helena,3,-47.2,4
67,Benten,Baron,3,39.4,2
67,IFreeMan,Tessia,4,16.7,3
67,goetz,Yuna,1,-3.6,4
67,Zelbot,Helena,2,-52.5,1
66,killer,Ilban,1,40.6,3
66,Freek,Beast,4,2.2,4
66,leonpie,Baron,2,-1.2,1
66,Bananadogg,Leto,3,-41.5,2
65,Fenderico,Baron,3,42.6,4
65,Freek,Ariana,4,11.7,1
65,Rosco,Ilban,1,-21.2,2
65,Haros,Paul,2,-33.1,3
64,killer,Leto,1,45.0,1
64,Zelbot,Helena,2,-6.0,2
64,Sweetsale90,Ecaz,4,-21.0,3
63,IFreeMan,Ilban,3,48.6,1
63,Fenderico,Memnon,1,10.7,2
63,Gideon,Baron,4,-12.3,3
62,Benten,Baron,3,37.6,1
62,Zelbot,Ilban,4,2.6,2
62,BenitoMax,Leto,1,-23.3,3
62,Sweetsale90,Ecaz,2,-16.9,4
61,Dinosaur11,Memnon,3,47.0,2
61,killer,Beast,4,-17.0,3
60,HueyLongNewton,Helena,1,39.9,1
60,crashtest776,Baron,3,10.9,2
60,Sweetsale90,Ecaz,4,-25.4,3
59,darkdinner,Ariana,1,34.9,1
59,Sweetsale90,Baron,3,40.0,2
59,Rosenbak,Hundro,2,-58.0,3
58,CrazyApple,Paul,1,38.1,1
58,davidli642,Baron,3,22.1,2
58,tonyzjtong,Ariana,2,-14.8,3
57,Yooliss,Hundro,3,45.8,1
57,hersheylim,Leto,2,20.4,2
57,TheDrunkWizard,Ecaz,4,-18.2,3
57,dragalar,Baron,1,-48.1,4
56,friachi,Yuna,1,44.8,2
56,waata,Beast,2,15.2,3
56,SpiceNav,Leto,3,-8.0,4
56,hersheylim,Ilban,4,-52.0,1
55,Benten,Baron,4,34.8,3
55,evbomb137,Hundro,3,-21.6,4
55,Sweetsale90,Beast,2,-23.6,1
54,hersheylim,Ilban,4,53.1,3
54,SpiceNav,Helena,3,-49.7,4
53,BenitoMax,Baron,2,41.1,2
53,davidli642,Leto,1,21.3,3
53,Macdog,Ecaz,3,-33.8,4
52,krompl,Baron,2,32.3,2
52,zafy,Ilban,4,11.6,3
52,hersheylim,Hundro,3,-17.2,4
52,Sweetsale90,Yuna,1,-26.7,1
51,krompl,Beast,2,33.3,3
51,hersheylim,Ecaz,4,12.4,4
51,Macdog,Hundro,3,-9.2,1
51,Sweetsale90,Yuna,1,-36.5,2
50,Iscreaman,Paul,2,40.0,4
50,Lifestealer,Baron,3,16.2,1
50,leonpie,Ariana,1,1.6,2
50,zafy,Ilban,4,-57.8,3
49,Rosco,Ariana,2,43.0,1
49,krompl,Ecaz,4,9.9,2
49,Macdog,Rhombur,1,-2.6,3
49,Bananadogg,Leto,3,-50.3,4
48,Midas1,Tessia,2,41.6,2
48,friachi,Ecaz,4,21.3,3
48,hersheylim,Helena,3,-14.4,4
48,Sweetsale90,Leto,1,-48.5,1
46,Thuney,Baron,1,43.5,3
46,devzzzy,Ilban,4,21.2,4
46,Iscreaman,Beast,2,-57.7,1
45,Fenderico,Tessia,4,49.0,3
45,IFreeMan,Hundro,3,17.0,4
45,zafy,Baron,2,-30.4,1
45,leonpie,Leto,1,-35.6,2
44,Jahmin333,Baron,2,44.0,4
44,HueyLongNewton,Rhombur,1,17.3,1
44,hersheylim,Beast,4,-14.7,2
43,darksoul474,Ecaz,2,56.3,4
43,Vigo,Helena,4,1.8,1
43,Sweetsale90,Ariana,1,-31.7,2
42,Zelbot,Rhombur,1,33.3,4
42,e_jasmins,Leto,3,29.0,1
42,BenitoMax,Hundro,2,-27.9,2
42,lux,Helena,4,-34.3,3
41,Duquedeto,Ilban,1,46.9,1
41,devzzzy,Leto,2,13.5,2
41,massive_snowstorm,Helena,3,-14.6,3
41,leonpie,Hundro,4,-45.7,4
40,Ideel,Ecaz,1,15.5,2
40,IFreeMan,Baron,3,-16.7,3
40,HereticD,Leto,4,-48.7,4
39,Woerdistan,Paul,2,49.7,2
39,Freek,Baron,4,10.2,3
39,wolfex,Ilban,1,-45.9,4
38,Iscreaman,Paul,1,42.0,2
38,Zelbot,Beast,3,11.5,3
38,asat0r,Yuna,2,-10.7,4
38,Hobbes,Leto,4,-42.7,1
37,lux,Helena,3,36.6,3
37,leonpie,Hundro,1,-18.6,4
36,Vigo,Yuna,3,26.8,2
36,HereticD,Tessia,2,13.7,3
36,e_jasmins,Rhombur,1,0.9,4
36,vintaya,Ilban,4,-41.5,1
34,IASC,Beast,2,36.3,3
34,SUPPORTAI,Ecaz,3,4.3,4
34,lux,Leto,4,-4.5,1
34,smoati9ap,Ariana,1,-36.1,2
33,zafy,Yuna,2,4.1,4
33,Iseijin,Helena,4,-45.0,1
32,Benten,Baron,3,44.7,3
32,tuananhtd,Beast,4,-11.2,4
32,JamesHarden,Ecaz,1,-54.9,1
31,rybachello,Yuna,1,56.4,3
31,krompl,Baron,4,-23.6,4
31,e_jasmins,Helena,2,-36.9,1
30,justinbyun,Baron,4,30.3,3
30,rybachello,Helena,3,16.1,4
30,lux,Hundro,2,-4.1,1
30,smoati9ap,Rhombur,1,-42.4,2
29,Freek,Ecaz,1,52.5,4
29,Woerdistan,Ariana,3,-16.6,1
29,Haros,Paul,2,-43.2,2
28,zafy,Ecaz,3,44.9,4
28,JamesHarden,Hundro,1,19.8,1
28,tuananhtd,Ilesa,2,-44.2,2
27,Rosco,Baron,2,58.2,4
27,Woerdistan,Rhombur,3,18.6,1
27,massive_snowstorm,Helena,4,-13.4,2
27,zafy,Yuna,1,-63.3,3
26,zafy,Ilban,4,37.3,1
26,IFreeMan,Tessia,2,16.7,2
26,Freek,Rhombur,1,-16.6,3
26,smoati9ap,Hundro,3,-37.5,4
25,Zelbot,Beast,1,53.2,2
25,Vigo,Ariana,4,4.4,3
25,Freek,Leto,3,-14.8,4
25,Rosco,Ilesa,2,-42.8,1
24,DjPonyboots,Beast,4,18.7,3
24,Freek,Baron,2,-28.4,4
24,lux,Helena,3,-34.9,1
23,darkdinner,Ariana,2,61.3,3
23,CrazyApple,Ecaz,1,13.2,4
23,Vigo,Ilesa,3,-32.3,1
23,Narballs,Baron,4,-42.2,2
22,justinbyun,Beast,4,55.4,4
22,Vigo,Yuna,1,-1.3,1
22,dragalar,Memnon,3,-11.0,2
22,darkdinner,Paul,2,-43.0,3
21,zafy,Ecaz,4,7.6,1
21,waata,Paul,3,-17.2,2
21,Macdog,Ariana,1,-37.2,3
20,krompl,Baron,1,48.4,1
20,veritas3394,Beast,3,15.7,2
20,torbtheorb,Ilban,4,-16.3,3
20,Macdog,Rhombur,2,-47.8,4
19,Iscreaman,Beast,2,45.8,2
19,zafy,Baron,1,8.0,3
19,smoati9ap,Paul,4,-6.6,4
19,Sweetsale90,Yuna,3,-47.3,1
18,Vigo,Baron,2,35.7,3
18,Macdog,Helena,4,33.4,4
18,Haros,Ilban,3,-9.6,1
18,krompl,Ecaz,1,-59.6,2
16,zafy,Ecaz,4,48.0,4
16,smoati9ap,Rhombur,2,-48.0,1
15,krompl,Ecaz,3,47.5,3
15,Iscreaman,Helena,4,15.5,4
15,Macdog,Baron,1,-11.3,1
15,DjPonyboots,Beast,2,-51.6,2
14,Thuney,Beast,4,40.5,4
14,DjPonyboots,Leto,1,16.5,1
14,Macdog,Ecaz,3,-12.5,2
14,e_jasmins,Hundro,2,-44.5,3
13,contiuspilate,Rhombur,1,59.2,1
13,waata,Paul,4,16.1,2
13,bigwelle,Ariana,3,-15.9,3
12,Jahmin333,Hundro,3,45.1,1
12,junkratsmurfbaby,Baron,2,13.1,2
12,rybachello,Beast,4,-13.2,3
12,lux,Ilban,1,-45.0,4
11,devzzzy,Beast,2,55.9,2
11,medeltiden,Ilesa,4,-14.5,3
11,contiuspilate,Ilban,3,-45.9,4
10,Freek,Ilban,4,52.4,2
10,justinbyun,Beast,2,-20.4,3
10,M1X,Baron,1,-43.6,4
9,BenitoMax,Baron,2,48.0,2
9,djgod79,Ilban,3,16.0,3
9,Jahmin333,Tessia,4,-16.0,4
9,lux,Ecaz,1,-48.0,1
8,Vigo,Ilesa,3,42.7,3
8,Thuney,Beast,4,14.1,4
8,medeltiden,Ecaz,1,-12.4,1
7,Ideel,Beast,4,16.0,3
7,contiuspilate,Helena,2,-16.0,4
7,devzzzy,Ilban,1,-48.0,1
6,maxcobain,Beast,2,48.0,3
6,vintaya,Baron,4,16.0,4
6,e_jasmins,Helena,1,-16.0,1
6,HEX,Ilban,3,-48.0,2
5,Vigo,Baron,3,48.7,4
5,Thuney,Rhombur,2,13.8,1
5,Unleazer,Paul,1,-15.3,2
5,rybachello,Ecaz,4,-47.3,3
3,CrazyApple,Helena,3,48.0,1
3,Malafiel,Ilban,4,16.0,2
3,junkratsmurfbaby,Beast,2,-16.0,3
3,davidli642,Tessia,1,-48.0,4
2,lannister2005,Rhombur,1,48.0,2
2,cheesable,Ilesa,2,16.0,3
2,m0rph1ing,Ilban,3,-16.0,4
2,SneakerDead,Leto,4,-48.0,1
